id,tipo_operacion_codigo,usa_intermediario,pagador,cobrador,tipo_transaccion,es_comision,estado_transaccion,contrapartida_ejecutada,linea,moneda,signo,monto_origen,incluir_en_detalle,concepto_leyenda,created_at,entidad_cc,condicion_estado_comision
00f0d224-70f5-4a2b-94c3-5271e0c1c5e5,ARS-USD,true,cliente,pandy,ingreso,false,ejecutada,false,0,ARS,-1,monto_transaccion,true,cobro_realizado,2026-03-22 02:42:26.719108+00,cliente,
02588708-ae56-4891-9b4c-ce7c166b994f,ARS-USD,true,cliente,intermediario,ingreso,false,pendiente,true,0,USD,-1,me,true,compromiso_cobrar,2026-03-21 14:21:40.155823+00,cliente,
02a2b2ff-ac2e-48a5-a4c0-99e92a8bc93f,ARS-USD,true,cliente,intermediario,ingreso,false,ejecutada,true,0,ARS,1,mr,true,cobro_realizado,2026-03-21 14:21:40.155823+00,intermediario,
02a630dd-cb9f-4d5a-a5b6-0a1685572cbc,CHEQUE-ARS,true,cliente,pandy,ingreso,true,ejecutada,true,0,ARS,1,mr,true,comision_acuerdo,2026-03-21 16:20:40.872534+00,cliente,par_cliente
02d350a3-588b-452e-81b8-181801d81a1d,EUR-ARS,false,cliente,pandy,ingreso,false,ejecutada,true,1,EUR,-1,monto_transaccion,true,cobro_realizado,2026-03-22 16:05:58.322146+00,cliente,
0425fee1-e379-4290-ae72-b04633e3df86,ARS-USD,false,pandy,cliente,egreso,false,pendiente,true,0,USD,-1,monto_transaccion,true,compromiso_pago,2026-03-22 16:05:58.322146+00,cliente,
043161b6-3fdf-49b8-97f1-d2e6a76e2ada,EUR-USD,true,cliente,intermediario,ingreso,false,ejecutada,true,0,USD,-1,me,true,cobro_realizado,2026-03-23 14:53:08.149945+00,cliente,
04875109-0f0a-4ec5-a57d-a95457e364e6,ARS-EUR,true,intermediario,cliente,egreso,false,ejecutada,true,0,EUR,-1,monto_transaccion,true,compromiso_pago,2026-03-23 14:53:08.149945+00,intermediario,
04dc4a5f-359b-4762-a05a-f8cfcc8534cb,ARS-USD,false,cliente,pandy,ingreso,false,ejecutada,true,0,USD,-1,me_prorrateado,true,cobro_realizado,2026-03-22 16:05:58.322146+00,cliente,
06b481b1-249c-48b6-a544-83f78d5aabc6,USD-EUR,true,pandy,cliente,egreso,false,ejecutada,false,0,EUR,1,me,true,compromiso_pago,2026-03-23 14:53:08.149945+00,cliente,
07b7750c-56e9-4293-858b-7d18858ca1c3,ARS-USD,false,cliente,pandy,ingreso,false,ejecutada,false,0,ARS,-1,monto_transaccion,true,cobro_realizado,2026-03-22 16:05:58.322146+00,cliente,
08cd7715-0f42-4dce-9e72-58d0936b559d,EUR-ARS,true,cliente,intermediario,ingreso,false,ejecutada,false,1,EUR,1,mr,true,cobro_realizado,2026-03-23 14:53:08.149945+00,cliente,
098943b8-99a5-497f-bbfb-00692b0e4bdb,ARS-EUR,false,cliente,pandy,ingreso,false,ejecutada,true,1,ARS,-1,monto_transaccion,true,cobro_realizado,2026-03-22 16:05:58.322146+00,cliente,
0a049220-9df6-4ef4-9893-1021819978b7,USD-ARS,false,pandy,cliente,egreso,false,ejecutada,false,0,ARS,-1,monto_transaccion,true,compromiso_pago,2026-03-22 16:05:58.322146+00,cliente,
0a34c1df-dfab-446c-9bcf-00a8f00d076a,USD-USD,true,intermediario,cliente,egreso,false,ejecutada,false,0,USD,1,monto_transaccion,true,compromiso_pago,2026-03-23 14:19:07.551799+00,intermediario,
0c7ef353-c9dc-43af-b22f-5796b0dcfb97,USD-EUR,true,intermediario,cliente,egreso,false,ejecutada,false,0,EUR,-1,monto_transaccion,true,compromiso_pago,2026-03-23 14:53:08.149945+00,cliente,
0cd609b7-a80f-44c5-bbf6-039b30f29c21,ARS-EUR,true,cliente,intermediario,ingreso,false,pendiente,true,0,EUR,-1,me,true,compromiso_cobrar,2026-03-23 14:53:08.149945+00,cliente,
0dcde582-624a-4448-bb06-9ea73d0078ba,USD-EUR,true,cliente,pandy,ingreso,false,pendiente,true,0,USD,1,monto_transaccion,true,compromiso_cobrar,2026-03-23 14:53:08.149945+00,cliente,
0e994883-9f38-4bee-a06e-905351250e2b,USD-ARS,true,cliente,intermediario,ingreso,false,ejecutada,false,0,USD,1,mr,true,cobro_realizado,2026-03-21 13:16:59.012727+00,intermediario,
0fde26f9-d80e-4173-ab4a-f9730cc57250,EUR-ARS,true,pandy,cliente,egreso,false,ejecutada,false,0,ARS,1,me,true,compromiso_pago,2026-03-23 14:53:08.149945+00,cliente,
0fec5dc0-59cd-4227-8eca-dcb2c49bacf7,ARS-USD,true,intermediario,cliente,egreso,false,ejecutada,true,0,USD,-1,monto_transaccion,true,compromiso_pago,2026-03-23 14:19:07.551799+00,intermediario,
14275280-12fb-4729-b7e2-e79578db3e9f,ARS-EUR,true,intermediario,cliente,egreso,false,pendiente,true,1,EUR,-1,me,true,compromiso_pago,2026-03-23 14:53:08.149945+00,cliente,
156190d1-fd53-4a8b-9c6d-14da45c55175,ARS-USD,true,cliente,intermediario,ingreso,false,ejecutada,false,2,USD,-1,me,true,cobro_realizado,2026-03-21 14:21:40.155823+00,cliente,
1663ce23-fe9e-4f48-99da-f7975a9f824e,EUR-ARS,true,intermediario,cliente,egreso,false,ejecutada,false,1,ARS,1,monto_transaccion,true,compromiso_pago,2026-03-23 14:53:08.149945+00,cliente,
16b75afb-1866-44e9-bc9a-1780ed4265c6,EUR-ARS,false,cliente,pandy,ingreso,false,ejecutada,true,0,ARS,-1,me_prorrateado,true,cobro_realizado,2026-03-22 16:05:58.322146+00,cliente,
16e28740-ac38-4a84-8aa8-bc3f7b927e56,USD-USD,true,cliente,pandy,ingreso,true,ejecutada,true,0,USD,1,mr_menos_me,true,comision_acuerdo,2026-03-21 16:42:10.028176+00,cliente,
1705d977-f30b-48c9-9591-c9f92bb78271,ARS-USD,true,intermediario,cliente,egreso,false,ejecutada,false,1,USD,1,monto_transaccion,true,compromiso_pago,2026-03-22 02:42:26.719108+00,cliente,
1832a9dc-0f8a-4985-b6b2-0129d7f1d188,EUR-USD,true,intermediario,cliente,egreso,false,ejecutada,false,0,USD,-1,monto_transaccion,true,compromiso_pago,2026-03-23 14:53:08.149945+00,cliente,
1982f28e-5ee2-44dc-84d1-57695619c513,ARS-EUR,true,cliente,intermediario,ingreso,false,ejecutada,true,0,ARS,1,mr,true,cobro_realizado,2026-03-23 14:53:08.149945+00,intermediario,
19ecd4d2-85c9-4104-9374-e11aa6cbde9d,EUR-USD,true,intermediario,cliente,egreso,false,ejecutada,false,1,USD,-1,monto_transaccion,true,compromiso_pago,2026-03-23 14:53:08.149945+00,intermediario,
1abd6a5d-455b-403c-a9b3-a72226225e84,EUR-ARS,true,cliente,intermediario,ingreso,false,ejecutada,true,2,EUR,1,mr,true,cobro_realizado,2026-03-23 14:53:08.149945+00,cliente,
1c95352e-19a0-49ce-9eba-1cf3f88b1ab6,USD-USD,true,cliente,intermediario,ingreso,false,pendiente,true,0,USD,1,monto_transaccion,true,compromiso_cobrar,2026-03-22 00:06:02.434142+00,cliente,
1d374921-b56e-4a9b-97f9-183c47e8e6a4,USD-EUR,true,intermediario,cliente,egreso,false,ejecutada,false,1,EUR,-1,monto_transaccion,true,compromiso_pago,2026-03-23 14:53:08.149945+00,intermediario,
1ebb43cf-45e8-4656-9be9-83d0f3d234b9,EUR-ARS,false,cliente,pandy,ingreso,false,pendiente,true,0,EUR,-1,monto_transaccion,true,compromiso_cobrar,2026-03-22 16:05:58.322146+00,cliente,
203cca24-3693-44a9-b62b-264c66235d7c,EUR-USD,true,cliente,pandy,ingreso,false,ejecutada,false,0,EUR,-1,monto_transaccion,true,cobro_realizado,2026-03-23 14:53:08.149945+00,cliente,
219e0206-3606-4e4a-afcf-69267e0529e9,ARS-EUR,true,intermediario,cliente,egreso,false,pendiente,true,0,ARS,1,mr,true,compromiso_pago,2026-03-23 14:53:08.149945+00,cliente,
2295ff97-3868-420f-9cb9-5e1ceb50729c,ARS-USD,false,pandy,cliente,egreso,false,ejecutada,false,1,USD,1,monto_transaccion,true,compromiso_pago,2026-03-22 16:05:58.322146+00,cliente,
22ee8c1e-6942-4bdf-85ac-93f6736790f2,USD-EUR,false,cliente,pandy,ingreso,false,ejecutada,true,1,USD,-1,monto_transaccion,true,cobro_realizado,2026-03-22 16:05:58.322146+00,cliente,
23d58752-0fc8-44e1-9b44-913e359c214d,USD-EUR,true,cliente,intermediario,ingreso,false,pendiente,true,0,EUR,-1,me,true,compromiso_cobrar,2026-03-23 14:53:08.149945+00,cliente,
23e87c39-ce8d-4508-b56b-7cdac8820977,USD-EUR,false,cliente,pandy,ingreso,false,ejecutada,false,1,USD,-1,monto_transaccion,true,cobro_realizado,2026-03-22 16:05:58.322146+00,cliente,
245c82d4-5dab-4288-9864-89053781ebc4,ARS-EUR,false,cliente,pandy,ingreso,false,ejecutada,true,0,EUR,-1,me_prorrateado,true,cobro_realizado,2026-03-22 16:05:58.322146+00,cliente,
25c02ae7-5637-4d42-9a08-39e03d02c98c,EUR-USD,true,cliente,intermediario,ingreso,false,ejecutada,true,2,EUR,1,mr,true,cobro_realizado,2026-03-23 14:53:08.149945+00,cliente,
27173bce-6111-448b-a869-31432166789e,USD-EUR,true,cliente,intermediario,ingreso,false,ejecutada,true,0,EUR,-1,me,true,cobro_realizado,2026-03-23 14:53:08.149945+00,cliente,
2836c091-266f-4866-8f21-ac85e0e6ec4c,USD-EUR,true,cliente,intermediario,ingreso,false,ejecutada,true,0,USD,1,mr,true,cobro_realizado,2026-03-23 14:53:08.149945+00,intermediario,
290169e5-c91c-4928-929e-0490134221de,CHEQUE-ARS,true,pandy,intermediario,egreso,true,pendiente,true,0,ARS,-1,me,true,comision_acuerdo,2026-03-21 16:20:40.872534+00,intermediario,par_pandy_int
29c1bace-31eb-41db-9f4d-4daadee7bff4,EUR-ARS,true,intermediario,cliente,egreso,false,pendiente,true,0,EUR,1,mr,true,compromiso_pago,2026-03-23 14:53:08.149945+00,cliente,
2b2f2f3f-ebb9-42ac-a97a-de2ef1ff7897,ARS-EUR,true,cliente,intermediario,ingreso,false,ejecutada,true,1,ARS,-1,mr,true,cobro_realizado,2026-03-23 14:53:08.149945+00,cliente,
2fb8240b-8b70-4b7d-b7ba-43c099847724,USD-ARS,true,intermediario,cliente,egreso,false,ejecutada,true,0,ARS,1,monto_transaccion,true,compromiso_pago,2026-03-22 15:24:42.023788+00,cliente,
319ba155-7c46-40bf-968c-12817136733e,USD-EUR,true,cliente,pandy,ingreso,false,ejecutada,true,0,USD,-1,monto_transaccion,true,cobro_realizado,2026-03-23 14:53:08.149945+00,cliente,
323db63f-e4d7-4516-9583-0ad084f3eaa6,ARS-EUR,false,pandy,cliente,egreso,false,pendiente,true,0,ARS,1,mr_prorrateado,true,compromiso_pago,2026-03-22 16:05:58.322146+00,cliente,
32ba7172-aad5-45ef-a5fa-486fd76d4c69,EUR-USD,true,cliente,intermediario,ingreso,false,ejecutada,false,1,EUR,1,mr,true,cobro_realizado,2026-03-23 14:53:08.149945+00,cliente,
32d9f23e-6097-4dba-a380-a83a0ae72943,USD-USD,true,intermediario,cliente,egreso,false,ejecutada,false,1,USD,-1,monto_transaccion,true,compromiso_pago,2026-03-23 14:19:07.551799+00,intermediario,
3356f1a3-194f-47d9-a6f4-f30f91ab9607,EUR-USD,true,cliente,intermediario,ingreso,false,ejecutada,false,2,USD,-1,me,true,cobro_realizado,2026-03-23 14:53:08.149945+00,cliente,
339d0593-e569-40d6-a287-9cc1d4a05516,USD-ARS,true,intermediario,cliente,egreso,false,pendiente,true,0,USD,1,mr,true,compromiso_pago,2026-03-22 15:24:42.023788+00,cliente,
34976bef-445a-432a-94f4-bed8e28aa7a8,ARS-EUR,false,cliente,pandy,ingreso,false,pendiente,true,0,ARS,-1,monto_transaccion,true,compromiso_cobrar,2026-03-22 16:05:58.322146+00,cliente,
352aa5e8-8693-42c7-aac0-1aff65d685f4,EUR-ARS,false,pandy,cliente,egreso,false,ejecutada,true,0,ARS,1,monto_transaccion,true,compromiso_pago,2026-03-22 16:05:58.322146+00,cliente,
372722c4-b236-4804-954a-2ecfca617b90,EUR-ARS,true,cliente,intermediario,ingreso,false,pendiente,true,1,EUR,-1,mr,true,compromiso_cobrar,2026-03-23 14:53:08.149945+00,cliente,
3989d333-a437-4cb2-ad3a-b9e34da4700f,EUR-USD,true,cliente,intermediario,ingreso,false,pendiente,true,0,USD,-1,me,true,compromiso_cobrar,2026-03-23 14:53:08.149945+00,cliente,
3a9c5f17-51ff-46c1-95a9-1aa21965683e,EUR-ARS,true,cliente,pandy,ingreso,false,ejecutada,false,0,EUR,-1,monto_transaccion,true,cobro_realizado,2026-03-23 14:53:08.149945+00,cliente,
3c0dfe17-7ee9-4f3a-be6e-eace98529c4b,ARS-USD,true,cliente,intermediario,ingreso,false,pendiente,true,1,ARS,-1,mr,true,compromiso_cobrar,2026-03-21 14:21:40.155823+00,cliente,
3eab2568-0482-44f0-89f0-9defdd1a4170,EUR-USD,false,cliente,pandy,ingreso,false,pendiente,true,0,EUR,-1,monto_transaccion,true,compromiso_cobrar,2026-03-22 16:05:58.322146+00,cliente,
3f1008f2-96a0-4e0a-bef3-fb6c4b81e451,USD-USD,true,cliente,pandy,ingreso,false,ejecutada,true,0,USD,-1,monto_transaccion,true,cobro_realizado,2026-03-21 16:42:10.028176+00,cliente,
3fb2c8de-dced-4b96-a589-bd6550b9f99c,ARS-EUR,true,intermediario,cliente,egreso,false,ejecutada,false,1,EUR,1,monto_transaccion,true,compromiso_pago,2026-03-23 14:53:08.149945+00,cliente,
3fcc8aa9-ee01-4383-b5bb-d0fb1df15607,USD-EUR,true,intermediario,cliente,egreso,false,pendiente,true,0,USD,1,mr,true,compromiso_pago,2026-03-23 14:53:08.149945+00,cliente,
415417b6-e9ac-4311-9063-32e242eae69f,ARS-EUR,true,cliente,intermediario,ingreso,false,ejecutada,true,2,ARS,1,mr,true,cobro_realizado,2026-03-23 14:53:08.149945+00,cliente,
416b89a4-00b1-407f-8379-29ff689f1849,ARS-USD,true,cliente,pandy,ingreso,false,pendiente,true,0,ARS,1,monto_transaccion,true,compromiso_cobrar,2026-03-22 02:42:26.719108+00,cliente,
42f9b257-7a2e-45e5-b22d-4582779373ee,USD-USD,true,pandy,cliente,egreso,false,ejecutada,true,0,USD,1,monto_transaccion,true,compromiso_pago,2026-03-21 16:42:10.028176+00,cliente,
4330fb06-818e-4f40-9e13-e2d447bdf6c0,CHEQUE-ARS,true,pandy,intermediario,egreso,true,ejecutada,false,0,ARS,-1,me,true,comision_acuerdo,2026-03-21 16:20:40.872534+00,intermediario,par_pandy_int
443a71f2-96d7-4657-9901-81b298f696e9,USD-ARS,true,intermediario,cliente,egreso,false,pendiente,true,1,ARS,-1,me,true,compromiso_pago,2026-03-22 15:24:42.023788+00,cliente,
44d6763c-350b-447f-99bb-bbcd32f05156,EUR-USD,false,cliente,pandy,ingreso,false,ejecutada,false,1,EUR,-1,monto_transaccion,true,cobro_realizado,2026-03-22 16:05:58.322146+00,cliente,
454702a1-4db0-40a2-a80d-0865342af255,ARS-USD,false,cliente,pandy,ingreso,false,ejecutada,false,1,ARS,1,monto_transaccion,true,contra_cobro_entrega_pendiente,2026-03-22 16:05:58.322146+00,cliente,
462f260a-9c58-4b64-ac85-db61361a4947,EUR-ARS,true,cliente,pandy,ingreso,false,pendiente,true,0,EUR,1,monto_transaccion,true,compromiso_cobrar,2026-03-23 14:53:08.149945+00,cliente,
46eaebff-1e90-4736-8384-dce886122296,EUR-USD,false,pandy,cliente,egreso,false,ejecutada,true,0,USD,1,monto_transaccion,true,compromiso_pago,2026-03-22 16:05:58.322146+00,cliente,
4768e9d6-5054-4986-a1b9-780327af572e,USD-ARS,false,pandy,cliente,egreso,false,pendiente,true,0,ARS,-1,monto_transaccion,true,compromiso_pago,2026-03-22 16:05:58.322146+00,cliente,
48af5a33-d568-4f08-a965-f898e98c3fac,USD-ARS,true,intermediario,cliente,egreso,false,ejecutada,false,0,ARS,-1,monto_transaccion,true,compromiso_pago,2026-03-22 15:24:42.023788+00,cliente,
4b328528-8580-4f0e-a536-5bad62d09c01,USD-ARS,true,cliente,intermediario,ingreso,false,ejecutada,true,0,USD,1,mr,true,cobro_realizado,2026-03-21 13:16:59.012727+00,intermediario,
4b6437ff-ec6f-4b0b-a2eb-25ee0d369acc,ARS-EUR,true,intermediario,cliente,egreso,false,ejecutada,false,0,EUR,1,monto_transaccion,true,compromiso_pago,2026-03-23 14:53:08.149945+00,intermediario,
4c04781d-60c0-4431-ba09-dcee98e3a4cb,USD-EUR,true,intermediario,cliente,egreso,false,pendiente,true,1,EUR,-1,me,true,compromiso_pago,2026-03-23 14:53:08.149945+00,cliente,
4c9d8c53-7a13-49b3-9616-c91fdbe7a67b,EUR-USD,true,intermediario,cliente,egreso,false,ejecutada,false,0,USD,1,monto_transaccion,true,compromiso_pago,2026-03-23 14:53:08.149945+00,intermediario,
4da29792-b956-4f3c-b018-e8122cec8cbf,EUR-USD,true,intermediario,cliente,egreso,false,ejecutada,true,0,USD,1,monto_transaccion,true,compromiso_pago,2026-03-23 14:53:08.149945+00,cliente,
513df24b-38be-4e0c-95ca-89d8830d3966,EUR-USD,true,intermediario,cliente,egreso,false,pendiente,true,1,USD,-1,me,true,compromiso_pago,2026-03-23 14:53:08.149945+00,cliente,
51478fbd-bc8e-4eca-a68a-bbb048f58fad,ARS-USD,true,pandy,cliente,egreso,false,ejecutada,true,0,USD,1,me,true,compromiso_pago,2026-03-21 14:21:40.155823+00,cliente,
514aa4e3-caea-4268-b8b7-cbf3a6972920,CHEQUE-ARS,true,pandy,intermediario,egreso,true,pendiente,false,0,ARS,-1,me,true,comision_acuerdo,2026-03-21 16:20:40.872534+00,intermediario,par_pandy_int
516c14c3-519f-491c-8d52-39ac2f546dee,ARS-EUR,true,cliente,intermediario,ingreso,false,ejecutada,false,0,ARS,-1,mr,true,cobro_realizado,2026-03-23 14:53:08.149945+00,cliente,
52e1d016-29f0-4480-a3f6-8019670ecb01,ARS-USD,false,cliente,pandy,ingreso,false,pendiente,true,0,ARS,-1,monto_transaccion,true,compromiso_cobrar,2026-03-22 16:05:58.322146+00,cliente,
53526de2-a58b-4bae-977d-d0ec7f4deb24,ARS-EUR,false,pandy,cliente,egreso,false,ejecutada,false,1,EUR,1,monto_transaccion,true,compromiso_pago,2026-03-22 16:05:58.322146+00,cliente,
536d3b36-868e-427c-a85e-6c539b810644,CHEQUE-ARS,true,pandy,intermediario,egreso,true,ejecutada,true,0,ARS,-1,me,true,comision_acuerdo,2026-03-21 16:20:40.872534+00,intermediario,par_pandy_int
53a57e22-5666-44f6-b454-99e9bd1348c6,USD-USD,true,pandy,cliente,egreso,false,ejecutada,true,0,USD,1,monto_transaccion,true,compromiso_pago,2026-03-23 14:53:08.149945+00,intermediario,
540aabdc-a592-4cd6-a63c-cfd68f373c96,ARS-EUR,true,cliente,intermediario,ingreso,false,ejecutada,true,0,EUR,-1,me,true,cobro_realizado,2026-03-23 14:53:08.149945+00,cliente,
563bf494-fcf4-48d9-b8a9-d36a859a971f,USD-ARS,true,intermediario,cliente,egreso,false,ejecutada,false,0,ARS,1,monto_transaccion,true,compromiso_pago,2026-03-23 14:19:07.551799+00,intermediario,
5677721c-6d4e-4fcd-a82a-ce0b8d7924d9,EUR-ARS,true,cliente,pandy,ingreso,false,ejecutada,true,0,EUR,-1,monto_transaccion,true,cobro_realizado,2026-03-23 14:53:08.149945+00,cliente,
5788170d-f257-49b8-960e-96a6f0a1d5e8,EUR-USD,true,cliente,intermediario,ingreso,false,ejecutada,true,1,EUR,-1,mr,true,cobro_realizado,2026-03-23 14:53:08.149945+00,cliente,
585f8977-3fa3-4ea5-b157-42956c37bebd,ARS-USD,true,intermediario,cliente,egreso,false,pendiente,true,1,USD,-1,me,true,compromiso_pago,2026-03-22 02:42:26.719108+00,cliente,
58c54972-487a-4e7e-afcf-2da84e07450f,CHEQUE-ARS,true,pandy,cliente,egreso,false,ejecutada,true,0,ARS,1,monto_transaccion,true,compromiso_pago,2026-03-21 16:20:40.872534+00,cliente,
5a1e154a-e898-4299-8b73-c7650ce0e1a4,USD-EUR,false,pandy,cliente,egreso,false,ejecutada,false,0,EUR,-1,monto_transaccion,true,compromiso_pago,2026-03-22 16:05:58.322146+00,cliente,
5a868afe-fde7-46c5-b012-fcaf99b76148,USD-USD,true,pandy,cliente,egreso,false,ejecutada,false,1,USD,1,monto_transaccion,true,compromiso_pago,2026-03-21 16:42:10.028176+00,cliente,
5fb24b26-edd3-4459-95a5-b6370d08319f,EUR-USD,true,cliente,intermediario,ingreso,false,ejecutada,false,0,EUR,1,mr,true,cobro_realizado,2026-03-23 14:53:08.149945+00,intermediario,
5fc1ade1-a057-4cb8-b65d-48d94418cd36,USD-ARS,true,cliente,pandy,ingreso,false,pendiente,true,0,USD,1,monto_transaccion,true,compromiso_cobrar,2026-03-22 15:24:42.023788+00,cliente,
6119a5d9-422b-4841-9cc5-8f991fe89c1c,EUR-ARS,false,pandy,cliente,egreso,false,pendiente,true,0,EUR,1,mr_prorrateado,true,compromiso_pago,2026-03-22 16:05:58.322146+00,cliente,
62113d8a-e7ad-4fc2-a7e7-f36f23e44449,USD-USD,true,intermediario,cliente,egreso,false,ejecutada,false,0,USD,-1,monto_transaccion,true,compromiso_pago,2026-03-21 23:59:24.3456+00,cliente,
62a96a9d-1fe8-4862-94b2-8795bffea0a9,USD-EUR,false,cliente,pandy,ingreso,false,ejecutada,true,0,EUR,-1,me_prorrateado,true,cobro_realizado,2026-03-22 16:05:58.322146+00,cliente,
632c4316-6c1f-434a-b4fc-e1b8a9f90b5f,USD-USD,false,cliente,pandy,ingreso,false,ejecutada,true,0,USD,-1,monto_transaccion,true,cobro_realizado,2026-03-21 14:56:58.685548+00,cliente,
63bcd9c4-9b7a-4ac1-b1b8-127029d53d05,USD-EUR,true,intermediario,cliente,egreso,false,ejecutada,true,0,EUR,1,monto_transaccion,true,compromiso_pago,2026-03-23 14:53:08.149945+00,cliente,
64b5d3e8-a74d-4b7e-a382-163380ea8771,EUR-USD,true,cliente,intermediario,ingreso,false,ejecutada,false,0,EUR,-1,mr,true,cobro_realizado,2026-03-23 14:53:08.149945+00,cliente,
64b5d96c-042e-4854-bca5-1859df952cce,USD-ARS,false,cliente,pandy,ingreso,false,ejecutada,false,1,USD,1,monto_transaccion,true,contra_cobro_entrega_pendiente,2026-03-22 16:05:58.322146+00,cliente,
67338009-28ee-40b7-8863-6b12bcc53298,EUR-ARS,true,intermediario,cliente,egreso,false,pendiente,true,1,ARS,-1,me,true,compromiso_pago,2026-03-23 14:53:08.149945+00,cliente,
677deeca-a9bc-417b-8723-ca4f7929d8c5,EUR-USD,true,intermediario,cliente,egreso,false,pendiente,true,0,EUR,1,mr,true,compromiso_pago,2026-03-23 14:53:08.149945+00,cliente,
6a06ac00-f40c-4576-8031-b65bab143bb5,USD-ARS,false,pandy,cliente,egreso,false,ejecutada,false,1,ARS,1,monto_transaccion,true,compromiso_pago,2026-03-22 16:05:58.322146+00,cliente,
6ac05fce-e00e-47f9-8d0d-93fa9f106850,USD-ARS,false,cliente,pandy,ingreso,false,pendiente,true,0,USD,-1,monto_transaccion,true,compromiso_cobrar,2026-03-22 16:05:58.322146+00,cliente,
6b50395d-81c7-4319-85dd-e2374b6ba98d,CHEQUE-ARS,true,cliente,pandy,ingreso,false,ejecutada,true,0,ARS,-1,mr,true,cobro_realizado,2026-03-21 16:20:40.872534+00,cliente,
6d6d9990-1600-428e-9f42-ead65281598f,USD-USD,false,pandy,cliente,egreso,false,ejecutada,false,0,USD,-1,monto_transaccion,true,compromiso_pago,2026-03-21 14:56:58.685548+00,cliente,
6dfd2e37-3bcf-4fa8-8b15-0fbf09841b38,USD-EUR,true,cliente,intermediario,ingreso,false,ejecutada,true,2,USD,1,mr,true,cobro_realizado,2026-03-23 14:53:08.149945+00,cliente,
6f3c5c0f-6ba2-4fa9-b03b-1cc747f1a1ba,USD-ARS,true,intermediario,cliente,egreso,false,ejecutada,true,0,ARS,-1,monto_transaccion,true,compromiso_pago,2026-03-23 14:19:07.551799+00,intermediario,
6fcb027d-d1db-477c-8409-c3cfb4617a7c,EUR-ARS,true,cliente,intermediario,ingreso,false,ejecutada,false,0,EUR,1,mr,true,cobro_realizado,2026-03-23 14:53:08.149945+00,intermediario,
7004d9a9-c314-4e12-af08-275b9cde79b7,EUR-ARS,true,cliente,intermediario,ingreso,false,ejecutada,true,0,EUR,1,mr,true,cobro_realizado,2026-03-23 14:53:08.149945+00,intermediario,
70a0657d-1090-478f-a164-4c55035be7ab,USD-ARS,false,cliente,pandy,ingreso,false,ejecutada,true,0,ARS,-1,me_prorrateado,true,cobro_realizado,2026-03-22 16:05:58.322146+00,cliente,
7159baa8-135c-40cc-945f-7a3fcc8203d6,USD-USD,true,pandy,cliente,egreso,false,ejecutada,false,0,USD,-1,monto_transaccion,true,compromiso_pago,2026-03-21 16:42:10.028176+00,cliente,
722a784b-8332-4805-9bab-6294810e2afb,EUR-ARS,true,intermediario,cliente,egreso,false,ejecutada,false,0,ARS,-1,monto_transaccion,true,compromiso_pago,2026-03-23 14:53:08.149945+00,cliente,
733132be-fcf7-4eab-a41c-08750fe3b1e2,ARS-USD,true,intermediario,cliente,egreso,false,ejecutada,false,0,USD,1,monto_transaccion,true,compromiso_pago,2026-03-23 14:19:07.551799+00,intermediario,
73822936-e4df-4260-896b-b428b102bbc9,USD-EUR,true,intermediario,cliente,egreso,false,ejecutada,false,0,EUR,1,monto_transaccion,true,compromiso_pago,2026-03-23 14:53:08.149945+00,intermediario,
7489679b-f7f7-4444-b13b-bf924bea20c3,USD-EUR,false,pandy,cliente,egreso,false,ejecutada,true,0,EUR,1,monto_transaccion,true,compromiso_pago,2026-03-22 16:05:58.322146+00,cliente,
74d7dd5d-29ef-488e-b0fd-4af6080ba770,CHEQUE-ARS,true,pandy,intermediario,egreso,false,ejecutada,true,0,ARS,1,monto_transaccion,true,pago_realizado,2026-03-21 16:20:40.872534+00,intermediario,
7533916e-6d60-4bc2-b379-f06b8a3d4ce6,USD-ARS,true,cliente,intermediario,ingreso,false,pendiente,true,1,USD,-1,mr,true,compromiso_cobrar,2026-03-21 13:16:59.012727+00,cliente,
755e163e-8d42-45cd-b056-9f03fcb68bd9,ARS-EUR,false,cliente,pandy,ingreso,false,ejecutada,false,0,EUR,-1,me_prorrateado,true,cobro_realizado,2026-03-22 16:05:58.322146+00,cliente,
759427bd-e7a3-44a6-9fb7-2bc6ba40b978,ARS-USD,false,pandy,cliente,egreso,false,ejecutada,true,0,USD,1,monto_transaccion,true,compromiso_pago,2026-03-22 16:05:58.322146+00,cliente,
7816a039-79ce-43f0-81e6-263c23f29c78,USD-EUR,true,intermediario,cliente,egreso,false,ejecutada,false,1,EUR,1,monto_transaccion,true,compromiso_pago,2026-03-23 14:53:08.149945+00,cliente,
7831c2d4-338a-4816-88dd-795b661045da,USD-USD,false,cliente,pandy,ingreso,true,ejecutada,true,0,USD,1,mr_menos_me,true,comision_acuerdo,2026-03-21 14:56:58.685548+00,cliente,
788e00c9-42b2-4475-ab12-f297bca3e8be,USD-ARS,false,pandy,cliente,egreso,false,ejecutada,true,0,ARS,1,monto_transaccion,true,compromiso_pago,2026-03-22 16:05:58.322146+00,cliente,
7936c1a2-d9c0-44c9-acc6-f5eac6615230,USD-ARS,true,cliente,intermediario,ingreso,false,ejecutada,true,1,USD,-1,mr,true,cobro_realizado,2026-03-21 14:14:32.375988+00,cliente,
7960313e-716a-4ef6-bbd2-0332b68ea264,USD-ARS,false,cliente,pandy,ingreso,false,ejecutada,false,0,USD,-1,monto_transaccion,true,cobro_realizado,2026-03-22 16:05:58.322146+00,cliente,
79c61494-8176-42d6-bd90-f58e3bdfb6a9,EUR-ARS,true,cliente,intermediario,ingreso,false,ejecutada,false,2,ARS,-1,me,true,cobro_realizado,2026-03-23 14:53:08.149945+00,cliente,
79ffdbee-5763-4d08-abe6-cdc09eea40b4,USD-USD,true,intermediario,cliente,egreso,false,pendiente,true,0,USD,1,mr,true,compromiso_pago,2026-03-21 23:59:24.3456+00,cliente,
7a020aed-81df-4d13-bbc2-ff50f98e6e5d,USD-USD,false,pandy,cliente,egreso,false,pendiente,true,0,USD,1,mr,true,compromiso_pago,2026-03-21 15:15:11.318128+00,cliente,
7aefcd65-0fc6-4eb0-bd69-797011b0da26,USD-USD,true,pandy,cliente,egreso,false,pendiente,true,1,USD,-1,me,true,compromiso_pago,2026-03-23 14:53:08.149945+00,intermediario,
7c006ef4-49a2-4849-a667-654415f32956,USD-EUR,true,intermediario,cliente,egreso,false,ejecutada,true,0,EUR,-1,monto_transaccion,true,compromiso_pago,2026-03-23 14:53:08.149945+00,intermediario,
7e191c76-9876-4f89-a212-8071d9beee18,ARS-EUR,false,pandy,cliente,egreso,false,ejecutada,true,0,EUR,1,monto_transaccion,true,compromiso_pago,2026-03-22 16:05:58.322146+00,cliente,
7e4aad45-0794-453c-a201-eddb1e4753d7,EUR-ARS,false,pandy,cliente,egreso,false,ejecutada,false,0,ARS,-1,monto_transaccion,true,compromiso_pago,2026-03-22 16:05:58.322146+00,cliente,
8052669c-f774-4919-8f8c-ed3e7264e2b4,USD-USD,false,pandy,cliente,egreso,false,pendiente,true,1,USD,-1,me,true,compromiso_pago,2026-03-21 15:15:11.318128+00,cliente,
8159d5e2-ba53-4ea9-a5fd-897cc891c808,USD-ARS,true,intermediario,cliente,egreso,false,ejecutada,false,1,ARS,-1,monto_transaccion,true,compromiso_pago,2026-03-23 14:19:07.551799+00,intermediario,
85a84bdc-feb5-4ede-b20c-69612f50c5e5,USD-ARS,false,cliente,pandy,ingreso,false,ejecutada,true,1,USD,-1,monto_transaccion,true,cobro_realizado,2026-03-22 16:05:58.322146+00,cliente,
85cad377-5167-4fc9-bdd2-9da0010742d4,USD-EUR,true,cliente,pandy,ingreso,false,ejecutada,false,0,USD,-1,monto_transaccion,true,cobro_realizado,2026-03-23 14:53:08.149945+00,cliente,
863dec6a-a303-4c97-ab43-998439c56223,EUR-USD,false,pandy,cliente,egreso,false,pendiente,true,0,EUR,1,mr_prorrateado,true,compromiso_pago,2026-03-22 16:05:58.322146+00,cliente,
86551eca-17b7-4a6c-95fd-a544ac0ad28b,CHEQUE-ARS,true,cliente,pandy,ingreso,true,ejecutada,false,0,ARS,1,mr,true,comision_acuerdo,2026-03-21 16:20:40.872534+00,cliente,par_cliente
8709f8d4-ead9-4a70-9066-0a94a1bcd5b6,EUR-ARS,true,cliente,intermediario,ingreso,false,ejecutada,true,1,EUR,-1,mr,true,cobro_realizado,2026-03-23 14:53:08.149945+00,cliente,
8733f454-8abd-4597-9248-6ace59a7ed6c,ARS-USD,true,intermediario,cliente,egreso,false,ejecutada,false,0,USD,-1,monto_transaccion,true,compromiso_pago,2026-03-22 02:42:26.719108+00,cliente,
87855f2e-3bd3-4f19-9c4b-bec2001950e3,ARS-USD,true,intermediario,cliente,egreso,false,pendiente,true,0,ARS,1,mr,true,compromiso_pago,2026-03-22 02:42:26.719108+00,cliente,
895e2364-b6b1-4c62-8238-25a2a869698e,CHEQUE-ARS,true,intermediario,pandy,ingreso,false,ejecutada,true,0,ARS,-1,monto_efectivo_intermediario,true,cobro_realizado,2026-03-21 16:20:40.872534+00,intermediario,
89bec922-cd54-435d-a1ae-ae409b0cbdf2,ARS-USD,true,cliente,intermediario,ingreso,false,ejecutada,false,1,ARS,1,mr,true,cobro_realizado,2026-03-21 14:21:40.155823+00,cliente,
89d66f8c-dab2-4240-8975-356af3d9a670,ARS-EUR,true,cliente,pandy,ingreso,false,pendiente,true,0,ARS,1,monto_transaccion,true,compromiso_cobrar,2026-03-23 14:53:08.149945+00,cliente,
8a4ad2c3-7121-418e-a290-4be669c21745,EUR-USD,false,cliente,pandy,ingreso,false,ejecutada,false,0,USD,-1,me_prorrateado,true,cobro_realizado,2026-03-22 16:05:58.322146+00,cliente,
91991143-9558-4aa3-bc8e-868770e6cc48,USD-ARS,true,pandy,cliente,egreso,false,ejecutada,true,0,ARS,1,me,true,compromiso_pago,2026-03-21 13:16:59.012727+00,cliente,
91d8555e-02a9-4ad8-8b8b-4118d7b58431,EUR-USD,true,intermediario,cliente,egreso,false,ejecutada,true,0,USD,-1,monto_transaccion,true,compromiso_pago,2026-03-23 14:53:08.149945+00,intermediario,
92392ba8-0ec1-4aa0-8699-2db7c3188a78,ARS-EUR,true,intermediario,cliente,egreso,false,ejecutada,false,1,EUR,-1,monto_transaccion,true,compromiso_pago,2026-03-23 14:53:08.149945+00,intermediario,
96005132-34f3-4c2f-a3ec-e8dbe9b62f30,ARS-EUR,true,cliente,intermediario,ingreso,false,ejecutada,false,2,EUR,-1,me,true,cobro_realizado,2026-03-23 14:53:08.149945+00,cliente,
969cb6fc-bc5d-43ab-a46c-a64fe0475dcc,EUR-ARS,true,cliente,intermediario,ingreso,false,ejecutada,true,0,ARS,-1,me,true,cobro_realizado,2026-03-23 14:53:08.149945+00,cliente,
96e2dd4e-5056-468a-b9f1-a2565c39a845,ARS-USD,false,pandy,cliente,egreso,false,ejecutada,true,1,ARS,1,mr_prorrateado,true,compromiso_pago,2026-03-22 16:05:58.322146+00,cliente,
96ef41cb-bacf-4be3-9457-b65a68cb7fa9,ARS-USD,false,cliente,pandy,ingreso,false,ejecutada,true,1,ARS,-1,monto_transaccion,true,cobro_realizado,2026-03-22 16:05:58.322146+00,cliente,
98f3082b-6c22-472f-9ef6-c9502b22e2e3,ARS-USD,true,pandy,cliente,egreso,false,ejecutada,false,0,USD,1,me,true,compromiso_pago,2026-03-21 14:21:40.155823+00,cliente,
990c038e-2fbc-421b-9bbb-7792b5c9c7b0,EUR-ARS,true,cliente,intermediario,ingreso,false,pendiente,true,0,ARS,-1,me,true,compromiso_cobrar,2026-03-23 14:53:08.149945+00,cliente,
9a133fb2-2758-4f23-9349-7e9daf2d2ff4,ARS-USD,false,pandy,cliente,egreso,false,ejecutada,false,0,USD,-1,monto_transaccion,true,compromiso_pago,2026-03-22 16:05:58.322146+00,cliente,
9a3912da-88f4-4ad5-ba23-63f71ffcdd7b,ARS-USD,true,cliente,intermediario,ingreso,false,ejecutada,true,0,USD,-1,me,true,cobro_realizado,2026-03-21 14:21:40.155823+00,cliente,
9ca3642f-fafe-46a5-9e47-8cdba197d325,EUR-ARS,true,intermediario,cliente,egreso,false,ejecutada,true,0,ARS,1,monto_transaccion,true,compromiso_pago,2026-03-23 14:53:08.149945+00,cliente,
9ddf139c-87db-4e8c-b88d-7d28a359932d,USD-USD,true,intermediario,cliente,egreso,false,ejecutada,true,0,USD,-1,monto_transaccion,true,compromiso_pago,2026-03-23 14:19:07.551799+00,intermediario,
9fb91f99-3746-4734-8272-8c25f136506c,USD-USD,true,intermediario,cliente,egreso,false,ejecutada,true,0,USD,1,monto_transaccion,true,compromiso_pago,2026-03-21 23:59:24.3456+00,cliente,
a05707ff-9573-473f-9585-50ba88bfc407,EUR-USD,false,cliente,pandy,ingreso,false,ejecutada,true,0,USD,-1,me_prorrateado,true,cobro_realizado,2026-03-22 16:05:58.322146+00,cliente,
a0960bd6-8285-451f-90e4-f37ba89357f0,USD-EUR,true,pandy,cliente,egreso,false,ejecutada,true,0,EUR,1,me,true,compromiso_pago,2026-03-23 14:53:08.149945+00,cliente,
a0ee35d6-e45f-4430-a778-3508b855b2d4,EUR-ARS,false,pandy,cliente,egreso,false,ejecutada,true,1,EUR,1,mr_prorrateado,true,compromiso_pago,2026-03-22 16:05:58.322146+00,cliente,
a1ea8ed6-64b4-4e66-bdbe-53a56a2bd2b2,USD-EUR,false,cliente,pandy,ingreso,false,ejecutada,false,0,EUR,-1,me_prorrateado,true,cobro_realizado,2026-03-22 16:05:58.322146+00,cliente,
a2561e94-7a88-401d-86ec-b74191a3f47f,USD-USD,true,pandy,intermediario,egreso,true,ejecutada,true,0,USD,-1,comision_intermediario,true,comision_acuerdo,2026-03-21 16:42:10.028176+00,intermediario,
a25a77a9-af2a-4b4c-a69a-7d81dd9cc827,USD-ARS,false,pandy,cliente,egreso,false,ejecutada,true,1,USD,1,mr_prorrateado,true,compromiso_pago,2026-03-22 16:05:58.322146+00,cliente,
a31b5780-88d7-48df-9876-d5ebe58f6b57,USD-USD,true,pandy,cliente,egreso,false,pendiente,true,0,USD,1,mr,true,compromiso_pago,2026-03-23 14:53:08.149945+00,intermediario,
a7efa4e5-d2a1-4654-aeea-991ba61a120b,ARS-EUR,true,cliente,pandy,ingreso,false,ejecutada,true,0,ARS,-1,monto_transaccion,true,cobro_realizado,2026-03-23 14:53:08.149945+00,cliente,
a84ae8ec-4c87-4ca1-bee2-9ebe79c0c275,EUR-USD,true,cliente,intermediario,ingreso,false,ejecutada,true,0,EUR,1,mr,true,cobro_realizado,2026-03-23 14:53:08.149945+00,intermediario,
a88abf59-e1b9-4f8c-ba28-1ac4b9ccbf2b,EUR-USD,false,pandy,cliente,egreso,false,ejecutada,true,1,EUR,1,mr_prorrateado,true,compromiso_pago,2026-03-22 16:05:58.322146+00,cliente,
ab048fc7-9a7f-46ef-afce-7ad6ef776ee1,EUR-ARS,true,cliente,intermediario,ingreso,false,ejecutada,false,0,EUR,-1,mr,true,cobro_realizado,2026-03-23 14:53:08.149945+00,cliente,
ab863119-f320-48b7-8c9f-7668556b0388,CHEQUE-ARS,true,pandy,cliente,egreso,false,ejecutada,false,0,ARS,1,monto_transaccion,true,compromiso_pago,2026-03-21 16:20:40.872534+00,cliente,
b0eed0bd-4b62-4f6b-948c-7ae690b70ff2,ARS-USD,true,cliente,pandy,ingreso,false,ejecutada,true,0,ARS,-1,monto_transaccion,true,cobro_realizado,2026-03-22 02:42:26.719108+00,cliente,
b16594d2-73fe-4491-a4a1-016160415060,ARS-EUR,true,cliente,intermediario,ingreso,false,pendiente,true,1,ARS,-1,mr,true,compromiso_cobrar,2026-03-23 14:53:08.149945+00,cliente,
b1b76505-96c5-4185-b884-27cfd188a93b,USD-EUR,true,cliente,intermediario,ingreso,false,pendiente,true,1,USD,-1,mr,true,compromiso_cobrar,2026-03-23 14:53:08.149945+00,cliente,
b30cfeb9-b847-4d3f-9690-81512998bcb4,ARS-USD,true,cliente,intermediario,ingreso,false,ejecutada,true,2,ARS,1,mr,true,cobro_realizado,2026-03-21 14:21:40.155823+00,cliente,
b417064b-286a-4a86-b94f-43094c232918,ARS-USD,true,cliente,intermediario,ingreso,false,ejecutada,true,1,ARS,-1,mr,true,cobro_realizado,2026-03-21 14:21:40.155823+00,cliente,
b46441b5-9351-462b-810c-92d7f9d1fb9d,USD-EUR,true,cliente,intermediario,ingreso,false,ejecutada,true,1,USD,-1,mr,true,cobro_realizado,2026-03-23 14:53:08.149945+00,cliente,
b7aef862-b44b-4691-9f77-99ed3e5107e1,USD-EUR,false,pandy,cliente,egreso,false,ejecutada,false,1,EUR,1,monto_transaccion,true,compromiso_pago,2026-03-22 16:05:58.322146+00,cliente,
b92cc222-5872-4fff-8a09-eba008e972c7,EUR-USD,false,pandy,cliente,egreso,false,ejecutada,false,1,USD,1,monto_transaccion,true,compromiso_pago,2026-03-22 16:05:58.322146+00,cliente,
b990d602-24c4-4f5b-ba3c-773f59bc6e00,ARS-EUR,true,cliente,intermediario,ingreso,false,ejecutada,false,0,ARS,1,mr,true,cobro_realizado,2026-03-23 14:53:08.149945+00,intermediario,
b9aa5798-cb9b-40ce-916f-13befa958382,EUR-USD,true,cliente,pandy,ingreso,false,pendiente,true,0,EUR,1,monto_transaccion,true,compromiso_cobrar,2026-03-23 14:53:08.149945+00,cliente,
bafef405-177f-4093-9418-0d7b78a8ec00,USD-USD,true,pandy,cliente,egreso,false,ejecutada,false,1,USD,1,monto_transaccion,true,compromiso_pago,2026-03-23 14:53:08.149945+00,intermediario,
bc0383e1-bf8c-42f9-9302-8bf2306d5d46,CHEQUE-ARS,true,cliente,pandy,ingreso,true,pendiente,false,0,ARS,1,mr,true,comision_acuerdo,2026-03-21 16:20:40.872534+00,cliente,par_cliente
bc473a9a-5a95-42ff-80a3-547173314c85,EUR-USD,true,pandy,cliente,egreso,false,ejecutada,true,0,USD,1,me,true,compromiso_pago,2026-03-23 14:53:08.149945+00,cliente,
be0504b9-bf6e-49a1-ae26-5190ad986816,CHEQUE-ARS,true,cliente,pandy,ingreso,false,ejecutada,false,0,ARS,-1,mr,true,cobro_realizado,2026-03-21 16:20:40.872534+00,cliente,
bf3e22bf-00cb-4d35-a33e-34bd508be007,USD-USD,true,intermediario,cliente,egreso,false,ejecutada,false,1,USD,1,monto_transaccion,true,compromiso_pago,2026-03-21 23:59:24.3456+00,cliente,
bf722ae2-cbef-4bd3-acfe-8290196cab98,EUR-USD,true,intermediario,cliente,egreso,false,ejecutada,false,1,USD,1,monto_transaccion,true,compromiso_pago,2026-03-23 14:53:08.149945+00,cliente,
c031d79b-524a-48d3-9020-87a7c96f9db7,ARS-EUR,false,pandy,cliente,egreso,false,ejecutada,true,1,ARS,1,mr_prorrateado,true,compromiso_pago,2026-03-22 16:05:58.322146+00,cliente,
c0e71f0d-4d30-4356-b2a7-da03af0493b1,ARS-EUR,true,cliente,pandy,ingreso,false,ejecutada,false,0,ARS,-1,monto_transaccion,true,cobro_realizado,2026-03-23 14:53:08.149945+00,cliente,
c2869bb0-44e2-4090-9d89-4c19ec1f1ba8,USD-EUR,true,cliente,intermediario,ingreso,false,ejecutada,false,0,USD,1,mr,true,cobro_realizado,2026-03-23 14:53:08.149945+00,intermediario,
c2ccc5c1-1cdb-4b52-8cda-0b753fc992eb,CHEQUE-ARS,true,cliente,pandy,ingreso,true,pendiente,true,0,ARS,1,mr,true,comision_acuerdo,2026-03-21 16:20:40.872534+00,cliente,par_cliente
c4ba45fc-a050-4d24-a100-c2a4a29c42bc,EUR-ARS,false,pandy,cliente,egreso,false,ejecutada,false,1,ARS,1,monto_transaccion,true,compromiso_pago,2026-03-22 16:05:58.322146+00,cliente,
c4d6803b-e1a5-40da-ab70-463e73188bc9,EUR-ARS,false,cliente,pandy,ingreso,false,ejecutada,false,1,EUR,-1,monto_transaccion,true,cobro_realizado,2026-03-22 16:05:58.322146+00,cliente,
c5557177-979f-44f6-8cfb-dcdaf4d68eaf,USD-ARS,true,cliente,intermediario,ingreso,false,pendiente,true,0,ARS,-1,me,true,compromiso_cobrar,2026-03-21 13:16:59.012727+00,cliente,
c65a0545-f91a-425b-9ba7-6617496a54e3,USD-ARS,true,intermediario,cliente,egreso,false,ejecutada,false,1,ARS,1,monto_transaccion,true,compromiso_pago,2026-03-22 15:24:42.023788+00,cliente,
c7d82db5-f4c2-4115-ab66-2339cea40b61,USD-ARS,true,cliente,intermediario,ingreso,false,ejecutada,false,0,USD,-1,mr,true,cobro_realizado,2026-03-21 13:16:59.012727+00,cliente,
c7d98a2c-5805-4bcb-b260-0078b04c0de7,USD-USD,true,cliente,intermediario,ingreso,false,ejecutada,true,0,USD,-1,monto_transaccion,true,cobro_realizado,2026-03-22 00:06:02.434142+00,cliente,
c9871554-d682-4995-82e2-02b30753aa04,USD-USD,true,intermediario,cliente,egreso,false,pendiente,true,1,USD,-1,me,true,compromiso_pago,2026-03-21 23:59:24.3456+00,cliente,
ca523868-181c-4138-b9af-eecf55a994fe,USD-EUR,true,cliente,intermediario,ingreso,false,ejecutada,false,2,EUR,-1,me,true,cobro_realizado,2026-03-23 14:53:08.149945+00,cliente,
cc150674-7b13-4c87-a5d9-44960d462524,ARS-EUR,false,cliente,pandy,ingreso,false,ejecutada,false,1,ARS,-1,monto_transaccion,true,cobro_realizado,2026-03-22 16:05:58.322146+00,cliente,
ccced76e-3e2a-4bbc-b2bb-1b7876417b88,USD-ARS,true,cliente,pandy,ingreso,false,ejecutada,false,0,USD,-1,monto_transaccion,true,cobro_realizado,2026-03-22 15:24:42.023788+00,cliente,
cd856b34-ee86-421b-9fb2-b98f18f5d829,EUR-USD,true,pandy,cliente,egreso,false,ejecutada,false,0,USD,1,me,true,compromiso_pago,2026-03-23 14:53:08.149945+00,cliente,
ce72341f-af5f-4fad-baab-9d6f4c9fdee8,USD-USD,true,pandy,cliente,egreso,false,pendiente,true,0,USD,1,mr,true,compromiso_pago,2026-03-21 16:42:10.028176+00,cliente,
cea1e1af-e134-4b3e-a0ed-66baa7ed5daf,CHEQUE-ARS,true,pandy,intermediario,egreso,false,pendiente,true,0,ARS,1,monto_transaccion,true,pago_realizado,2026-03-21 16:20:40.872534+00,intermediario,
cf6b50fc-bffa-4f0a-bd9d-4fc5dc9c3c2a,EUR-USD,true,cliente,pandy,ingreso,false,ejecutada,true,0,EUR,-1,monto_transaccion,true,cobro_realizado,2026-03-23 14:53:08.149945+00,cliente,
d180ef49-7d2b-4b1e-8aae-532507477eb9,EUR-USD,true,cliente,intermediario,ingreso,false,pendiente,true,1,EUR,-1,mr,true,compromiso_cobrar,2026-03-23 14:53:08.149945+00,cliente,
d5122dbb-77cb-4d98-b2f9-385edec4f5b6,USD-ARS,true,pandy,cliente,egreso,false,ejecutada,false,0,ARS,1,me,true,compromiso_pago,2026-03-21 13:16:59.012727+00,cliente,
d5e0817f-6302-49ee-b121-5a11cdf314c0,USD-USD,true,pandy,cliente,egreso,false,ejecutada,false,0,USD,-1,monto_transaccion,true,compromiso_pago,2026-03-23 14:53:08.149945+00,intermediario,
d7c2b4b1-0d03-4ac5-b1c3-a2865e1d44d4,ARS-EUR,true,pandy,cliente,egreso,false,ejecutada,false,0,EUR,1,me,true,compromiso_pago,2026-03-23 14:53:08.149945+00,cliente,
d84712bd-9d8c-4564-bfc3-d5cfad81cf3c,USD-EUR,true,cliente,intermediario,ingreso,false,ejecutada,false,0,USD,-1,mr,true,cobro_realizado,2026-03-23 14:53:08.149945+00,cliente,
d855d546-659e-48cb-8bf6-7c19226eeb34,USD-USD,true,cliente,pandy,ingreso,false,pendiente,true,0,USD,1,monto_transaccion,true,compromiso_cobrar,2026-03-21 16:42:10.028176+00,cliente,
d902e10d-8f3b-49a4-ba58-9e7b5fb3e547,ARS-USD,true,intermediario,cliente,egreso,false,ejecutada,false,1,USD,-1,monto_transaccion,true,compromiso_pago,2026-03-23 14:19:07.551799+00,intermediario,
da58ca0a-bd86-45a9-a530-de519ec89bc2,USD-EUR,false,pandy,cliente,egreso,false,pendiente,true,0,USD,1,mr_prorrateado,true,compromiso_pago,2026-03-22 16:05:58.322146+00,cliente,
da5e449a-4288-4498-b04e-34edc39e9cc5,ARS-EUR,false,pandy,cliente,egreso,false,ejecutada,false,0,EUR,-1,monto_transaccion,true,compromiso_pago,2026-03-22 16:05:58.322146+00,cliente,
daa69fc9-e88e-4e53-a43f-daba58b76f54,USD-USD,false,pandy,cliente,egreso,false,ejecutada,true,0,USD,1,monto_transaccion,true,compromiso_pago,2026-03-21 14:56:58.685548+00,cliente,
dc4744e4-49f1-4f4b-956f-3077ee78ed68,USD-ARS,true,cliente,intermediario,ingreso,false,ejecutada,true,0,ARS,-1,me,true,cobro_realizado,2026-03-21 13:16:59.012727+00,cliente,
dc81b276-1e82-4559-9dbf-a3fd94fe2933,USD-EUR,false,cliente,pandy,ingreso,false,pendiente,true,0,USD,-1,monto_transaccion,true,compromiso_cobrar,2026-03-22 16:05:58.322146+00,cliente,
dc8b1ee7-2fad-4041-a883-9492a7d7bab1,ARS-EUR,true,intermediario,cliente,egreso,false,ejecutada,true,0,EUR,1,monto_transaccion,true,compromiso_pago,2026-03-23 14:53:08.149945+00,cliente,
dcd4f5c6-59a5-4be0-84d0-8ccae4e7c3b0,ARS-EUR,true,cliente,intermediario,ingreso,false,ejecutada,false,1,ARS,1,mr,true,cobro_realizado,2026-03-23 14:53:08.149945+00,cliente,
e05b8092-0925-4660-9623-7d5f5dc4d84f,USD-ARS,true,cliente,intermediario,ingreso,false,ejecutada,false,1,USD,1,mr,true,cobro_realizado,2026-03-21 14:00:39.464922+00,cliente,
e27b2f10-fee4-40ae-969e-f61e31f3f0ce,USD-USD,false,cliente,pandy,ingreso,false,ejecutada,false,0,USD,-1,monto_transaccion,true,cobro_realizado,2026-03-21 14:56:58.685548+00,cliente,
e2b0a57c-d5b6-4618-9c4e-a0c771cf3bb2,USD-EUR,true,cliente,intermediario,ingreso,false,ejecutada,false,1,USD,1,mr,true,cobro_realizado,2026-03-23 14:53:08.149945+00,cliente,
e37deccd-abaa-4db2-81fd-226f9e3e3798,ARS-EUR,true,pandy,cliente,egreso,false,ejecutada,true,0,EUR,1,me,true,compromiso_pago,2026-03-23 14:53:08.149945+00,cliente,
e45c61b2-8f0d-41fb-81ee-8966c8f64544,USD-USD,false,cliente,pandy,ingreso,false,pendiente,true,0,USD,1,monto_transaccion,true,compromiso_cobrar,2026-03-21 14:56:58.685548+00,cliente,
e81ec8b2-c813-4cee-895b-c581670d5b12,CHEQUE-ARS,true,pandy,intermediario,egreso,false,ejecutada,false,0,ARS,1,monto_transaccion,true,pago_realizado,2026-03-21 16:20:40.872534+00,intermediario,
ebca1675-e9d4-4943-b188-788e3ede6532,ARS-USD,true,cliente,intermediario,ingreso,false,ejecutada,false,0,ARS,1,mr,true,cobro_realizado,2026-03-21 14:21:40.155823+00,intermediario,
ed3d1c2d-feb1-4fbd-8669-5e0abefc8e5c,ARS-USD,true,intermediario,cliente,egreso,false,ejecutada,true,0,USD,1,monto_transaccion,true,compromiso_pago,2026-03-22 02:42:26.719108+00,cliente,
ef18cd42-fa13-41f7-a32c-a988b1f23d41,USD-ARS,true,cliente,pandy,ingreso,false,ejecutada,true,0,USD,-1,monto_transaccion,true,cobro_realizado,2026-03-22 15:24:42.023788+00,cliente,
ef6c1329-c4bd-4306-abe0-d416a9b80298,USD-EUR,false,pandy,cliente,egreso,false,ejecutada,true,1,USD,1,mr_prorrateado,true,compromiso_pago,2026-03-22 16:05:58.322146+00,cliente,
efff5d50-473b-4350-888f-52162b9087c2,USD-USD,true,cliente,intermediario,ingreso,false,ejecutada,false,0,USD,-1,monto_transaccion,true,cobro_realizado,2026-03-22 00:06:02.434142+00,cliente,
f1c94a79-d335-4903-a2e4-943bc73bb949,USD-ARS,true,cliente,intermediario,ingreso,false,ejecutada,true,2,USD,1,mr,true,cobro_realizado,2026-03-21 14:14:32.375988+00,cliente,
f224c248-30ac-4ea2-8c49-3e407987d042,USD-USD,true,pandy,cliente,egreso,false,pendiente,true,1,USD,-1,me,true,compromiso_pago,2026-03-21 16:42:10.028176+00,cliente,
f2a294b9-d60e-4e34-91ec-18c854878133,EUR-USD,false,pandy,cliente,egreso,false,ejecutada,false,0,USD,-1,monto_transaccion,true,compromiso_pago,2026-03-22 16:05:58.322146+00,cliente,
f6d7a341-ed91-4bb8-b2e0-736804f4ee1d,EUR-ARS,false,cliente,pandy,ingreso,false,ejecutada,false,0,ARS,-1,me_prorrateado,true,cobro_realizado,2026-03-22 16:05:58.322146+00,cliente,
f8ca4b40-2bc3-496c-8626-3ed3c1f34313,USD-USD,true,cliente,pandy,ingreso,false,ejecutada,false,0,USD,-1,monto_transaccion,true,cobro_realizado,2026-03-21 16:42:10.028176+00,cliente,
fa4b4762-1ce8-4e4d-b196-44ed1260f043,EUR-ARS,true,intermediario,cliente,egreso,false,ejecutada,false,0,ARS,1,monto_transaccion,true,compromiso_pago,2026-03-23 14:53:08.149945+00,intermediario,
fbc406f6-e337-41db-8f97-3c9dae112ebc,EUR-ARS,true,intermediario,cliente,egreso,false,ejecutada,true,0,ARS,-1,monto_transaccion,true,compromiso_pago,2026-03-23 14:53:08.149945+00,intermediario,
fc405469-c395-425d-aa71-f399b1fd58dc,EUR-ARS,true,pandy,cliente,egreso,false,ejecutada,true,0,ARS,1,me,true,compromiso_pago,2026-03-23 14:53:08.149945+00,cliente,
fd8efc72-c1c6-4c87-b37d-d31a19fa7ddb,ARS-EUR,true,intermediario,cliente,egreso,false,ejecutada,false,0,EUR,-1,monto_transaccion,true,compromiso_pago,2026-03-23 14:53:08.149945+00,cliente,
fd97a43c-dea5-4605-9231-95e0d642ab75,USD-ARS,true,cliente,intermediario,ingreso,false,ejecutada,false,2,ARS,-1,me,true,cobro_realizado,2026-03-21 14:00:39.464922+00,cliente,
fe150a75-7abf-4a72-8eb5-5afcbfb911a9,ARS-USD,true,cliente,intermediario,ingreso,false,ejecutada,false,0,ARS,-1,mr,true,cobro_realizado,2026-03-21 14:21:40.155823+00,cliente,
fea364c5-8ba4-45ee-9968-6cd0832adec8,EUR-USD,false,cliente,pandy,ingreso,false,ejecutada,true,1,EUR,-1,monto_transaccion,true,cobro_realizado,2026-03-22 16:05:58.322146+00,cliente,
ff558586-dc80-4702-bf38-d863730c3bf7,USD-USD,false,pandy,cliente,egreso,false,ejecutada,false,1,USD,1,monto_transaccion,true,compromiso_pago,2026-03-21 15:33:21.504291+00,cliente,
ffe0dc48-b1c1-490d-b961-ed41f2da4c72,EUR-ARS,true,intermediario,cliente,egreso,false,ejecutada,false,1,ARS,-1,monto_transaccion,true,compromiso_pago,2026-03-23 14:53:08.149945+00,intermediario,